autosave01_02_2012_10_09_50.jpg,821,277,42,41,3_13
autosave01_02_2012_10_09_51.jpg,1048,140,80,85,3_13
autosave01_02_2012_11_29_50.jpg,164,360,54,51,3_13
autosave01_02_2012_12_44_09.jpg,922,335,20,20,3_13
autosave01_02_2012_12_44_10.jpg,1042,282,33,31,3_13
autosave01_02_2012_12_44_11.jpg,876,369,18,20,3_14
autosave01_02_2012_12_44_12.jpg,843,367,22,24,3_14
autosave01_02_2012_12_44_13.jpg,583,386,23,24,3_14
autosave01_02_2012_12_44_14.jpg,249,389,34,35,3_14
autosave01_02_2012_13_11_21.jpg,1061,360,24,22,3_13
autosave01_02_2012_13_41_59.jpg,1227,342,23,21,3_13
autosave02_10_2012_11_55_30_1.jpg,1235,242,35,37,3_13
autosave02_10_2012_11_55_31_0.jpg,1164,231,35,37,3_13
autosave02_10_2012_11_55_31_1.jpg,1062,223,39,39,3_13
autosave02_10_2012_11_55_31_2.jpg,1007,215,45,46,3_13
autosave02_10_2012_11_55_32_0.jpg,972,180,45,46,3_13
autosave02_10_2012_11_55_32_1.jpg,938,143,56,56,3_13
autosave02_10_2012_11_55_32_2.jpg,945,80,73,71,3_13
autosave02_10_2012_11_55_32_3.jpg,1037,0,113,62,3_13
autosave02_10_2012_12_03_18_1.jpg,997,243,17,41,3_13
autosave02_10_2012_12_03_18_2.jpg,1092,215,24,46,3_13
autosave02_10_2012_12_55_17_0.jpg,1110,225,37,36,3_13
autosave02_10_2012_12_55_17_1.jpg,1083,209,39,36,3_13
autosave02_10_2012_12_55_17_2.jpg,1073,190,46,47,3_13
autosave02_10_2012_12_55_18_0.jpg,1090,152,54,52,3_13
autosave02_10_2012_12_55_18_1.jpg,1164,73,64,65,3_13
autosave09_10_2012_11_06_58_2.jpg,833,340,21,21,3_13
autosave09_10_2012_11_06_59_0.jpg,858,334,22,21,3_13
autosave09_10_2012_11_06_59_1.jpg,937,312,29,31,3_13
autosave09_10_2012_11_06_59_2.jpg,1080,283,43,42,3_13
autosave09_10_2012_11_22_22_1.jpg,1217,359,26,29,3_13
autosave09_10_2012_11_48_36_2.jpg,968,338,26,25,3_13
autosave09_10_2012_11_48_37_0.jpg,988,335,26,25,3_13
autosave09_10_2012_11_48_37_1.jpg,1049,323,32,29,3_13
autosave09_10_2012_11_48_37_2.jpg,1124,313,37,38,3_13
autosave09_10_2012_11_48_37_3.jpg,1215,307,47,43,3_13
autosave09_10_2012_11_52_18_3.jpg,692,349,23,25,3_13
autosave09_10_2012_11_55_53_0.jpg,890,299,71,68,3_13
autosave09_10_2012_11_55_53_1.jpg,930,287,82,81,3_13
autosave09_10_2012_11_55_53_2.jpg,970,272,92,90,3_13
autosave09_10_2012_11_55_53_3.jpg,1010,282,108,100,3_13
autosave09_10_2012_12_02_48_0.jpg,989,327,29,30,3_13
autosave09_10_2012_12_02_48_1.jpg,974,325,29,30,3_13
autosave09_10_2012_12_02_48_2.jpg,966,325,29,30,3_13
autosave09_10_2012_12_02_48_3.jpg,953,321,34,35,3_13
autosave09_10_2012_12_02_50_0.jpg,922,309,42,44,3_13
autosave09_10_2012_12_02_50_1.jpg,908,299,47,48,3_13
autosave09_10_2012_12_02_50_2.jpg,901,294,49,51,3_13
autosave09_10_2012_12_02_50_3.jpg,901,294,49,51,3_13
autosave09_10_2012_12_02_54_0.jpg,894,302,60,60,3_13
autosave09_10_2012_12_02_54_1.jpg,894,302,60,60,3_13
autosave09_10_2012_12_02_54_2.jpg,894,302,60,60,3_13
autosave09_10_2012_12_02_54_3.jpg,894,302,60,60,3_13
autosave09_10_2012_12_05_04_0.jpg,894,302,60,60,3_13
autosave09_10_2012_12_05_04_1.jpg,894,302,60,60,3_13
autosave09_10_2012_12_05_04_2.jpg,894,302,60,60,3_13
autosave09_10_2012_12_05_04_3.jpg,894,302,60,60,3_13
autosave09_10_2012_12_14_55_1.jpg,876,330,27,23,3_13
autosave09_10_2012_12_14_56_0.jpg,895,321,27,27,3_13
autosave09_10_2012_12_14_56_1.jpg,962,315,32,32,3_13
autosave09_10_2012_12_14_56_2.jpg,1037,303,40,39,3_13
autosave09_10_2012_12_14_57_0.jpg,1104,295,50,47,3_13
autosave09_10_2012_12_18_25_1.jpg,651,334,20,22,3_13
autosave09_10_2012_12_18_25_2.jpg,567,329,20,22,3_13
autosave09_10_2012_12_18_25_3.jpg,455,322,20,22,3_13
autosave09_10_2012_13_26_14_0.jpg,1143,340,32,33,3_13
autosave09_10_2012_13_26_14_1.jpg,1150,334,37,35,3_13
autosave09_10_2012_13_26_14_2.jpg,1155,334,40,39,3_13
autosave09_10_2012_13_26_14_3.jpg,1157,345,40,39,3_13
autosave09_10_2012_13_26_16_0.jpg,1155,331,42,43,3_13
autosave09_10_2012_13_26_16_1.jpg,1149,335,48,46,3_13
autosave09_10_2012_13_26_16_2.jpg,1138,324,51,50,3_13
autosave09_10_2012_13_26_16_3.jpg,1127,317,51,50,3_13
autosave09_10_2012_13_26_19_0.jpg,1039,264,66,63,3_13
autosave09_10_2012_13_26_19_1.jpg,1032,258,66,63,3_13
autosave09_10_2012_13_26_19_2.jpg,1028,267,68,65,3_13
autosave09_10_2012_13_26_19_3.jpg,1028,267,68,65,3_13
autosave09_10_2012_13_29_55_3.jpg,76,234,35,34,3_13
autosave09_10_2012_15_21_54_1.jpg,721,262,26,28,3_11
autosave09_10_2012_15_21_54_1.jpg,721,290,27,25,3_11
autosave09_10_2012_15_21_54_2.jpg,743,254,29,29,3_11
autosave09_10_2012_15_21_54_2.jpg,742,284,31,29,3_11
autosave09_10_2012_15_21_55_0.jpg,767,244,33,34,3_11
autosave09_10_2012_15_21_55_0.jpg,767,277,34,35,3_11
autosave09_10_2012_15_21_55_1.jpg,831,211,42,41,3_11
autosave09_10_2012_15_21_55_1.jpg,828,254,45,43,3_11
autosave09_10_2012_15_21_55_2.jpg,911,163,56,54,3_11
autosave09_10_2012_15_21_55_2.jpg,912,220,53,53,3_11
autosave09_10_2012_15_21_55_3.jpg,1090,72,85,81,3_11
autosave09_10_2012_15_21_55_3.jpg,1092,157,83,82,3_11
autosave10_10_2012_09_30_44_3.jpg,1037,397,17,16,3_13
autosave10_10_2012_09_30_45_0.jpg,1106,404,20,19,3_13
autosave10_10_2012_09_40_10_1.jpg,1115,374,28,32,3_13
autosave10_10_2012_09_40_10_2.jpg,1166,371,40,40,3_13
autosave10_10_2012_09_40_11_0.jpg,1191,365,40,40,3_13
autosave10_10_2012_10_23_27_1.jpg,1153,391,19,18,3_13
autosave10_10_2012_10_23_28_0.jpg,1194,397,18,20,3_13
autosave10_10_2012_13_12_58_2.jpg,651,405,21,22,3_12
autosave10_10_2012_13_12_59_0.jpg,660,412,21,22,3_12
autosave10_10_2012_13_12_59_1.jpg,684,401,25,22,3_12
autosave10_10_2012_13_12_59_2.jpg,710,394,27,26,3_12
autosave10_10_2012_13_12_59_3.jpg,768,383,32,34,3_12
autosave10_10_2012_13_13_00_0.jpg,819,377,41,41,3_12
autosave10_10_2012_13_13_00_1.jpg,1053,306,75,68,3_12
autosave10_10_2012_13_31_35_1.jpg,752,391,23,23,3_12
autosave10_10_2012_13_31_35_2.jpg,757,388,23,23,3_12
autosave10_10_2012_13_31_35_3.jpg,772,383,26,27,3_12
autosave10_10_2012_13_31_37_0.jpg,887,344,35,34,3_12
autosave10_10_2012_13_31_37_1.jpg,994,313,45,44,3_12
autosave10_10_2012_13_31_37_2.jpg,1120,258,56,54,3_12
autosave10_10_2012_13_31_38_0.jpg,1171,237,60,60,3_12
autosave10_10_2012_14_40_00_1.jpg,645,374,20,21,3_11
autosave10_10_2012_14_40_00_2.jpg,700,341,31,32,3_11
autosave10_10_2012_14_40_02_0.jpg,743,308,44,41,3_11
autosave10_10_2012_14_40_02_1.jpg,818,250,62,60,3_11
autosave10_10_2012_14_40_03_0.jpg,913,176,84,82,3_11
autosave10_10_2012_14_43_12_1.jpg,878,367,24,22,3_12
autosave10_10_2012_14_43_12_2.jpg,879,355,27,27,3_12
autosave10_10_2012_14_43_13_0.jpg,889,346,29,29,3_12
autosave10_10_2012_14_43_13_1.jpg,917,336,36,34,3_12
autosave10_10_2012_14_43_13_2.jpg,978,326,43,42,3_12
autosave10_10_2012_14_43_14_0.jpg,1057,287,53,53,3_12
autosave10_10_2012_14_48_51_1.jpg,676,387,21,22,3_11
autosave10_10_2012_14_48_51_2.jpg,672,384,21,22,3_11
autosave10_10_2012_14_48_51_3.jpg,699,382,21,22,3_11
autosave10_10_2012_14_48_53_0.jpg,709,385,21,22,3_11
autosave10_10_2012_14_48_53_1.jpg,752,377,24,22,3_11
autosave10_10_2012_14_48_53_2.jpg,790,371,26,25,3_11
autosave10_10_2012_14_48_53_3.jpg,850,367,28,28,3_11
autosave10_10_2012_14_48_55_0.jpg,1157,354,41,36,3_11
autosave13_04_2013_09_59_02_0.jpg,1126,339,28,31,3_13
autosave13_04_2013_09_59_02_0.jpg,1160,336,28,31,3_14
autosave13_04_2013_09_59_02_1.jpg,1210,325,28,31,3_13
autosave13_04_2013_09_59_02_1.jpg,1247,323,28,31,3_14
autosave13_04_2013_09_59_02_2.jpg,1219,308,28,31,3_13
autosave13_04_2013_09_59_02_2.jpg,1257,306,29,32,3_14
autosave13_04_2013_09_59_02_3.jpg,1222,306,28,31,3_13
autosave13_04_2013_09_59_02_3.jpg,1259,305,29,32,3_14
autosave13_04_2013_09_59_05_0.jpg,882,345,38,40,3_13
autosave13_04_2013_09_59_05_0.jpg,930,346,36,39,3_14
autosave13_04_2013_09_59_05_1.jpg,698,306,41,47,3_13
autosave13_04_2013_09_59_05_1.jpg,749,306,43,46,3_14
autosave13_04_2013_09_59_05_2.jpg,580,289,50,52,3_13
autosave13_04_2013_09_59_05_2.jpg,638,294,51,51,3_14
autosave13_04_2013_09_59_05_3.jpg,345,254,58,56,3_13
autosave13_04_2013_09_59_05_3.jpg,412,255,56,58,3_14
autosave13_04_2013_11_45_23_1.jpg,1113,284,50,51,3_13
autosave13_04_2013_11_45_23_2.jpg,1153,228,62,58,3_13
autosave13_04_2013_11_45_24_0.jpg,1174,181,67,64,3_13
autosave13_04_2013_11_45_24_1.jpg,1227,99,86,86,3_13
autosave13_04_2013_11_45_24_2.jpg,1285,23,105,102,3_13
autosave13_04_2013_11_51_52_1.jpg,1197,352,38,40,3_13
autosave13_04_2013_11_51_52_2.jpg,1186,331,41,42,3_13
autosave13_04_2013_11_51_52_3.jpg,1188,323,47,46,3_13
autosave13_04_2013_11_51_54_0.jpg,1262,193,63,62,3_13
autosave13_04_2013_11_51_54_1.jpg,1378,193,80,71,3_13
autosave13_04_2013_11_51_54_2.jpg,1420,101,93,88,3_13
autosave13_04_2013_11_52_35_0.jpg,113,430,23,24,3_13
autosave13_04_2013_11_52_35_1.jpg,97,426,23,24,3_13
autosave13_04_2013_11_52_35_2.jpg,78,426,23,24,3_13
autosave13_04_2013_11_52_35_3.jpg,63,424,24,27,3_13
autosave13_04_2013_12_33_09_1.jpg,820,343,28,30,3_13
autosave13_04_2013_12_33_09_2.jpg,837,331,31,31,3_13
autosave13_04_2013_12_33_10_0.jpg,811,303,34,36,3_13
autosave13_04_2013_12_33_10_1.jpg,749,261,46,45,3_13
autosave13_04_2013_12_33_10_2.jpg,745,220,48,51,3_13
autosave13_04_2013_12_33_11_0.jpg,665,162,58,64,3_13
autosave13_04_2013_12_35_21_2.jpg,1033,545,16,17,3_12
autosave13_04_2013_12_35_21_3.jpg,1045,550,18,20,3_12
autosave13_04_2013_12_35_23_0.jpg,1053,556,18,20,3_12
autosave13_04_2013_12_35_23_1.jpg,1077,554,18,23,3_12
autosave13_04_2013_12_35_23_2.jpg,1069,518,22,25,3_12
autosave13_04_2013_12_35_23_3.jpg,1077,533,26,28,3_12
autosave13_04_2013_12_35_24_0.jpg,1108,507,32,33,3_12
autosave13_04_2013_12_35_24_1.jpg,1152,476,40,42,3_12
autosave13_04_2013_12_35_24_2.jpg,1185,432,52,51,3_12
autosave13_04_2013_12_35_25_0.jpg,1270,419,59,62,3_12
autosave13_04_2013_12_35_25_1.jpg,1450,297,109,107,3_12
autosave13_04_2013_15_18_57_2.jpg,930,515,32,29,3_11
autosave13_04_2013_15_18_57_3.jpg,933,504,32,29,3_11
autosave13_04_2013_15_19_00_0.jpg,1007,513,41,40,3_11
autosave13_04_2013_15_19_00_1.jpg,1058,498,44,43,3_11
autosave13_04_2013_15_19_00_2.jpg,1075,496,49,47,3_11
autosave13_04_2013_15_19_00_3.jpg,1119,488,58,51,3_11
autosave13_04_2013_15_19_01_0.jpg,1249,446,76,66,3_11
autosave13_04_2013_15_19_01_1.jpg,1391,431,102,89,3_11
autosave13_04_2013_15_19_01_2.jpg,1428,411,110,99,3_11
autosave13_04_2013_15_19_01_3.jpg,1567,338,134,129,3_11
autosave13_04_2013_15_22_54_0.jpg,1640,384,40,43,3_11
autosave13_04_2013_15_22_54_1.jpg,1821,324,50,56,3_11
autosave16_04_2013_11_29_58_0.jpg,449,533,18,20,3_11
autosave16_04_2013_11_29_58_1.jpg,447,513,18,20,3_11
autosave16_04_2013_11_29_58_2.jpg,449,494,18,20,3_11
autosave16_04_2013_11_29_58_3.jpg,449,494,18,20,3_11
autosave16_04_2013_11_30_00_0.jpg,448,491,22,21,3_11
autosave16_04_2013_11_30_00_1.jpg,450,492,25,23,3_11
autosave16_04_2013_11_30_00_2.jpg,461,484,30,26,3_11
autosave16_04_2013_11_30_00_3.jpg,478,484,33,28,3_11
autosave16_04_2013_11_30_02_0.jpg,565,462,37,32,3_11
autosave16_04_2013_11_30_02_1.jpg,616,434,37,35,3_11
autosave16_04_2013_11_30_02_2.jpg,638,439,37,35,3_11
autosave16_04_2013_11_30_02_3.jpg,665,436,41,38,3_11
autosave16_04_2013_11_30_06_0.jpg,719,437,42,38,3_11
autosave16_04_2013_11_30_06_1.jpg,719,441,42,38,3_11
autosave16_04_2013_11_30_06_2.jpg,719,441,42,38,3_11
autosave16_04_2013_11_30_06_3.jpg,719,441,42,38,3_11
autosave16_04_2013_12_00_59_0.jpg,1100,484,23,23,3_14
autosave16_04_2013_12_00_59_1.jpg,1112,482,25,23,3_14
autosave16_04_2013_12_00_59_2.jpg,1125,475,26,26,3_14
autosave16_04_2013_12_00_59_3.jpg,1140,465,26,28,3_14
autosave16_04_2013_12_01_01_0.jpg,1192,440,33,33,3_14
autosave16_04_2013_12_01_01_1.jpg,1227,436,33,35,3_14
autosave16_04_2013_12_01_01_2.jpg,1247,424,38,36,3_14
autosave16_04_2013_12_01_03_0.jpg,1399,360,51,48,3_14
autosave16_04_2013_12_01_03_1.jpg,1468,325,56,55,3_14
autosave16_04_2013_12_01_03_2.jpg,1523,301,63,59,3_14
autosave16_04_2013_12_01_03_3.jpg,1604,277,68,66,3_14
autosave16_04_2013_12_31_21_3.jpg,553,548,28,24,3_13
autosave16_04_2013_12_31_23_0.jpg,800,550,28,29,3_13
autosave16_04_2013_12_31_23_1.jpg,1000,559,31,29,3_13
autosave16_04_2013_12_31_23_2.jpg,1125,548,33,32,3_13
autosave16_04_2013_12_31_23_3.jpg,1193,544,34,34,3_13
autosave16_04_2013_12_31_25_0.jpg,1297,535,40,39,3_13
autosave16_04_2013_12_31_25_1.jpg,1350,508,52,54,3_13
autosave16_04_2013_12_31_25_2.jpg,1406,476,62,64,3_13
autosave16_04_2013_12_31_26_0.jpg,1459,457,68,74,3_13
autosave16_04_2013_12_31_26_1.jpg,1704,387,91,114,3_13
autosave16_04_2013_13_34_43_0.jpg,1113,814,32,35,3_12
autosave16_04_2013_13_34_43_1.jpg,1160,803,34,39,3_12
autosave16_04_2013_13_34_43_2.jpg,1216,789,42,44,3_12
autosave16_04_2013_13_34_44_0.jpg,1274,762,50,53,3_12
autosave16_04_2013_13_34_44_1.jpg,1414,717,70,69,3_12
autosave16_04_2013_13_34_44_2.jpg,1582,669,91,95,3_12
autosave16_04_2013_14_25_33_3.jpg,1313,460,29,31,3_13
autosave16_04_2013_14_25_34_0.jpg,1348,443,34,36,3_13
autosave16_04_2013_14_25_34_1.jpg,1424,435,45,44,3_13
autosave16_04_2013_14_25_34_2.jpg,1471,419,52,50,3_13
autosave16_04_2013_14_25_35_0.jpg,1514,415,52,50,3_13
autosave16_04_2013_14_25_35_1.jpg,1671,401,71,64,3_13
autosave16_04_2013_14_25_35_2.jpg,1783,377,80,77,3_13
autosave16_04_2013_14_43_08_0.jpg,812,430,28,25,3_11
autosave16_04_2013_14_43_08_1.jpg,673,405,30,30,3_11
autosave16_04_2013_14_43_09_0.jpg,603,404,31,32,3_11
autosave16_04_2013_14_43_09_1.jpg,226,389,46,39,3_11
autosave16_04_2013_14_43_09_2.jpg,177,380,46,39,3_11
autosave16_04_2013_14_50_07_0.jpg,1044,438,22,19,3_11
autosave16_04_2013_14_50_07_1.jpg,1060,413,22,19,3_11
autosave16_04_2013_14_50_07_2.jpg,1077,425,22,19,3_11
autosave16_04_2013_14_50_07_3.jpg,1105,422,22,19,3_11
autosave16_04_2013_14_50_09_0.jpg,1194,388,25,24,3_11
autosave16_04_2013_14_50_09_1.jpg,1202,374,25,24,3_11
autosave16_04_2013_14_50_09_2.jpg,1199,404,27,30,3_11
autosave16_04_2013_14_50_09_3.jpg,1201,379,27,30,3_11
autosave16_04_2013_14_50_11_0.jpg,1214,324,39,35,3_11
autosave16_04_2013_14_50_11_1.jpg,1229,309,42,35,3_11
autosave16_04_2013_14_50_11_2.jpg,1241,283,42,43,3_11
autosave16_04_2013_14_50_11_3.jpg,1263,258,46,43,3_11
autosave16_04_2013_14_50_13_0.jpg,1385,142,68,63,3_11
autosave16_04_2013_14_50_13_0.jpg,1670,351,30,50,3_11
autosave16_04_2013_14_50_13_1.jpg,1479,63,68,63,3_11
autosave16_04_2013_14_50_13_1.jpg,1755,318,39,57,3_11
autosave16_04_2013_14_50_13_2.jpg,1858,288,39,57,3_11
autosave16_04_2013_14_51_33_1.jpg,847,504,22,24,3_13
autosave16_04_2013_14_51_33_2.jpg,916,499,22,24,3_13
autosave16_04_2013_14_51_33_3.jpg,982,502,22,24,3_13
autosave16_04_2013_14_51_35_0.jpg,1085,487,22,24,3_13
autosave16_04_2013_14_51_35_1.jpg,1245,461,27,27,3_13
autosave16_04_2013_14_51_35_2.jpg,1375,478,28,31,3_13
autosave16_04_2013_14_51_35_3.jpg,1495,470,30,31,3_13
autosave16_10_2012_11_27_10_4.jpg,396,275,19,20,3_13
autosave16_10_2012_11_27_10_5.jpg,387,262,21,20,3_13
autosave16_10_2012_11_27_12_0.jpg,372,250,22,22,3_13
autosave16_10_2012_11_27_12_1.jpg,355,247,25,25,3_13
autosave16_10_2012_11_27_12_2.jpg,338,233,27,27,3_13
autosave16_10_2012_11_27_12_3.jpg,311,220,30,29,3_13
autosave16_10_2012_11_27_12_4.jpg,285,207,33,31,3_13
autosave16_10_2012_11_27_12_5.jpg,243,191,39,38,3_13
autosave16_10_2012_11_27_14_0.jpg,171,156,47,44,3_13
autosave16_10_2012_11_27_14_1.jpg,71,91,59,60,3_13
autosave16_10_2012_11_27_44_2.jpg,425,290,18,19,3_13
autosave16_10_2012_11_27_45_0.jpg,400,275,21,21,3_13
autosave16_10_2012_11_27_45_1.jpg,357,254,24,24,3_13
autosave16_10_2012_11_27_45_2.jpg,309,233,30,29,3_13
autosave16_10_2012_11_27_45_3.jpg,210,188,40,38,3_13
autosave16_10_2012_11_27_46_0.jpg,214,170,42,41,3_13
autosave16_10_2012_11_27_46_1.jpg,3,79,50,60,3_13
autosave16_10_2012_11_36_25_0.jpg,87,256,38,31,3_13
autosave16_10_2012_11_36_25_1.jpg,42,240,40,36,3_13
autosave16_10_2012_11_36_25_2.jpg,0,236,40,36,3_13
autosave16_10_2012_11_38_35_0.jpg,843,282,17,21,3_13
autosave16_10_2012_11_38_35_1.jpg,844,289,19,22,3_13
autosave16_10_2012_11_38_35_2.jpg,847,282,21,24,3_13
autosave16_10_2012_11_38_35_3.jpg,854,275,22,25,3_13
autosave16_10_2012_11_38_35_4.jpg,864,258,22,27,3_13
autosave16_10_2012_11_38_35_5.jpg,874,245,24,29,3_13
autosave16_10_2012_11_38_37_0.jpg,890,236,29,33,3_13
autosave16_10_2012_11_38_37_1.jpg,910,235,31,36,3_13
autosave16_10_2012_11_38_37_2.jpg,929,216,35,41,3_13
autosave16_10_2012_11_38_37_3.jpg,959,191,42,45,3_13
autosave16_10_2012_11_38_37_4.jpg,1005,159,52,54,3_13
autosave16_10_2012_11_38_37_5.jpg,1065,121,64,63,3_13
autosave16_10_2012_11_44_22_2.jpg,852,307,20,20,3_13
autosave16_10_2012_11_44_22_3.jpg,905,304,20,20,3_13
autosave16_10_2012_11_44_23_0.jpg,910,290,23,22,3_13
autosave16_10_2012_11_44_23_1.jpg,1010,277,31,27,3_13
autosave16_10_2012_11_44_23_2.jpg,1126,239,36,33,3_13
autosave16_10_2012_11_44_38_0.jpg,1196,214,31,36,3_13
autosave16_10_2012_11_49_51_3.jpg,950,312,16,25,3_13
autosave16_10_2012_11_49_52_0.jpg,985,313,16,25,3_13
autosave16_10_2012_11_49_52_1.jpg,1136,277,20,30,3_13
autosave16_10_2012_11_50_09_0.jpg,821,270,21,19,3_13
autosave16_10_2012_11_50_09_1.jpg,850,265,21,19,3_13
autosave16_10_2012_11_50_09_2.jpg,868,251,22,21,3_13
autosave16_10_2012_11_50_09_3.jpg,899,236,25,26,3_13
autosave16_10_2012_11_50_10_0.jpg,909,234,25,26,3_13
autosave16_10_2012_11_50_10_1.jpg,946,211,32,30,3_13
autosave16_10_2012_11_50_10_2.jpg,990,203,37,34,3_13
autosave16_10_2012_11_50_11_0.jpg,1044,181,40,37,3_13
autosave16_10_2012_11_50_11_1.jpg,1112,150,47,41,3_13
autosave16_10_2012_11_50_11_2.jpg,1203,112,53,50,3_13
autosave16_10_2012_11_50_46_0.jpg,880,163,31,31,3_13
autosave16_10_2012_11_50_46_1.jpg,912,138,36,33,3_13
autosave16_10_2012_11_50_46_2.jpg,948,132,38,38,3_13
autosave16_10_2012_11_50_46_3.jpg,1005,84,39,44,3_13
autosave16_10_2012_11_50_46_4.jpg,1089,44,47,49,3_13
autosave16_10_2012_12_08_34_5.jpg,723,286,19,20,3_13
autosave16_10_2012_12_08_36_0.jpg,731,284,19,20,3_13
autosave16_10_2012_12_08_36_1.jpg,738,282,22,20,3_13
autosave16_10_2012_12_08_36_2.jpg,749,281,22,20,3_13
autosave16_10_2012_12_08_36_3.jpg,757,274,24,22,3_13
autosave16_10_2012_12_08_36_4.jpg,764,261,24,22,3_13
autosave16_10_2012_12_08_36_5.jpg,782,262,28,24,3_13
autosave16_10_2012_12_08_38_0.jpg,793,246,30,28,3_13
autosave16_10_2012_12_08_38_1.jpg,806,253,30,28,3_13
autosave16_10_2012_12_08_38_2.jpg,816,236,30,31,3_13
autosave16_10_2012_12_08_38_3.jpg,830,230,30,31,3_13
autosave16_10_2012_12_08_38_4.jpg,836,198,34,36,3_13
autosave16_10_2012_12_08_38_5.jpg,850,202,34,36,3_13
autosave16_10_2012_12_08_40_0.jpg,859,186,38,38,3_13
autosave16_10_2012_12_08_40_1.jpg,882,184,40,41,3_13
autosave16_10_2012_12_08_40_2.jpg,892,168,40,41,3_13
autosave16_10_2012_12_08_40_3.jpg,909,161,44,42,3_13
autosave16_10_2012_12_08_40_4.jpg,925,154,50,48,3_13
autosave16_10_2012_12_08_40_5.jpg,941,143,50,51,3_13
autosave16_10_2012_12_08_43_0.jpg,1057,78,62,62,3_13
autosave16_10_2012_12_08_43_1.jpg,1096,50,75,71,3_13
autosave16_10_2012_12_08_43_2.jpg,1136,30,79,79,3_13
autosave23_10_2012_09_43_05_1.jpg,912,355,16,16,3_11
autosave23_10_2012_09_43_05_2.jpg,947,346,18,18,3_11
autosave23_10_2012_09_43_05_3.jpg,1044,328,24,24,3_11
autosave23_10_2012_09_43_06_0.jpg,1085,325,27,27,3_11
autosave23_10_2012_09_43_06_1.jpg,1237,298,37,37,3_11
autosave23_10_2012_09_44_35_0.jpg,781,349,18,18,3_13
autosave23_10_2012_09_44_35_1.jpg,804,342,22,20,3_13
autosave23_10_2012_09_44_35_2.jpg,896,288,36,36,3_13
autosave23_10_2012_09_44_36_0.jpg,926,275,42,40,3_13
autosave23_10_2012_09_44_36_1.jpg,1114,172,68,68,3_13
autosave23_10_2012_10_09_43_2.jpg,784,367,23,21,3_13
autosave23_10_2012_10_09_44_0.jpg,790,361,23,21,3_13
autosave23_10_2012_10_09_44_1.jpg,814,359,26,26,3_13
autosave23_10_2012_10_09_44_2.jpg,849,345,33,31,3_13
autosave23_10_2012_10_09_45_0.jpg,865,342,33,31,3_13
autosave23_10_2012_10_09_45_1.jpg,951,312,48,45,3_13
autosave23_10_2012_10_09_45_2.jpg,1093,266,74,70,3_13
autosave23_10_2012_10_14_49_0.jpg,751,355,18,17,3_13
autosave23_10_2012_10_14_49_1.jpg,756,350,18,17,3_13
autosave23_10_2012_10_14_49_2.jpg,758,350,18,17,3_13
autosave23_10_2012_10_14_50_0.jpg,762,346,18,17,3_13
autosave23_10_2012_10_14_50_1.jpg,764,343,18,17,3_13
autosave23_10_2012_10_14_50_2.jpg,768,342,18,17,3_13
autosave23_10_2012_10_14_51_0.jpg,770,341,18,17,3_13
autosave23_10_2012_10_14_51_1.jpg,773,338,18,17,3_13
autosave23_10_2012_10_14_51_2.jpg,780,334,18,17,3_13
autosave23_10_2012_10_14_52_0.jpg,783,334,18,17,3_13
autosave23_10_2012_10_14_52_1.jpg,790,326,20,22,3_13
autosave23_10_2012_10_14_52_2.jpg,797,324,20,22,3_13
autosave23_10_2012_10_14_52_3.jpg,803,323,24,26,3_13
autosave23_10_2012_10_14_54_0.jpg,840,302,31,30,3_13
autosave23_10_2012_10_14_54_1.jpg,861,294,32,36,3_13
autosave23_10_2012_10_14_54_2.jpg,879,283,36,36,3_13
autosave23_10_2012_10_14_55_0.jpg,904,270,42,40,3_13
autosave23_10_2012_10_14_55_1.jpg,945,243,47,47,3_13
autosave23_10_2012_10_14_55_2.jpg,987,219,55,52,3_13
autosave23_10_2012_10_14_56_0.jpg,1033,189,65,64,3_13
autosave23_10_2012_10_14_56_1.jpg,1134,125,87,88,3_13
autosave23_10_2012_10_33_57_2.jpg,950,364,24,24,3_13
autosave23_10_2012_10_33_58_0.jpg,1003,354,24,24,3_13
autosave23_10_2012_10_33_58_1.jpg,1129,340,29,31,3_13
autosave23_10_2012_11_13_20_0.jpg,910,366,19,19,3_13
autosave23_10_2012_11_13_20_1.jpg,960,358,19,19,3_13
autosave23_10_2012_11_13_21_0.jpg,998,357,22,22,3_13
autosave23_10_2012_11_13_21_1.jpg,1083,342,29,27,3_13
autosave23_10_2012_11_13_21_2.jpg,1191,324,38,35,3_13
autosave23_10_2012_12_47_21_2.jpg,654,344,21,19,3_11
autosave23_10_2012_12_47_22_0.jpg,665,351,21,19,3_11
autosave23_10_2012_12_47_22_1.jpg,697,369,21,19,3_11
autosave23_10_2012_12_47_23_0.jpg,720,374,24,23,3_11
autosave23_10_2012_12_47_23_1.jpg,754,371,24,23,3_11
autosave23_10_2012_12_47_23_2.jpg,788,362,28,27,3_11
autosave23_10_2012_12_47_24_0.jpg,813,341,34,33,3_11
autosave23_10_2012_12_47_24_1.jpg,861,336,34,33,3_11
autosave23_10_2012_12_47_24_2.jpg,915,346,40,37,3_11
autosave23_10_2012_12_47_24_3.jpg,998,306,49,43,3_11
autosave23_10_2012_12_47_25_0.jpg,1033,317,49,43,3_11
autosave23_10_2012_12_47_25_1.jpg,1158,311,61,52,3_11
autosave23_10_2012_13_07_59_1.jpg,777,352,17,16,3_12
autosave23_10_2012_13_07_59_2.jpg,784,349,17,16,3_12
autosave23_10_2012_13_07_59_3.jpg,800,347,21,19,3_12
autosave23_10_2012_13_08_00_0.jpg,870,337,26,26,3_12
autosave23_10_2012_13_08_00_1.jpg,951,306,38,39,3_12
autosave23_10_2012_13_08_00_2.jpg,1110,232,65,58,3_12
autosave23_10_2012_13_17_45_1.jpg,897,310,28,27,3_13
autosave23_10_2012_13_17_45_2.jpg,969,295,35,34,3_13
autosave23_10_2012_13_17_47_0.jpg,1038,284,41,41,3_13
autosave23_10_2012_13_25_29_2.jpg,888,303,24,21,3_14
autosave23_10_2012_13_25_29_3.jpg,888,293,26,25,3_14
autosave23_10_2012_13_25_29_4.jpg,894,299,26,25,3_14
autosave23_10_2012_13_25_30_0.jpg,900,296,28,29,3_14
autosave23_10_2012_13_25_30_1.jpg,916,288,33,31,3_14
autosave23_10_2012_13_25_30_2.jpg,924,280,35,34,3_14
autosave23_10_2012_13_25_31_0.jpg,950,271,38,38,3_14
autosave23_10_2012_13_25_31_1.jpg,981,252,45,45,3_14
autosave23_10_2012_13_25_31_2.jpg,1021,225,53,53,3_14
autosave23_10_2012_13_25_31_3.jpg,1083,199,68,63,3_14
autosave23_10_2012_13_25_41_0.jpg,851,269,32,34,3_14
autosave23_10_2012_13_25_41_1.jpg,896,252,39,40,3_14
autosave23_10_2012_13_25_41_1.jpg,556,168,37,38,3_13
autosave23_10_2012_13_25_41_2.jpg,938,239,45,45,3_14
autosave23_10_2012_13_25_41_2.jpg,558,145,42,40,3_13
autosave23_10_2012_13_25_41_3.jpg,1009,222,55,54,3_14
autosave23_10_2012_13_25_41_3.jpg,563,114,44,46,3_13
autosave24_10_2012_11_02_14_2.jpg,734,203,25,26,3_13
autosave24_10_2012_11_02_15_0.jpg,728,182,29,29,3_13
autosave24_10_2012_11_02_15_1.jpg,721,149,34,35,3_13
autosave24_10_2012_11_02_15_2.jpg,710,112,39,43,3_13
autosave24_10_2012_11_02_15_3.jpg,690,6,58,66,3_13
autosave24_10_2012_11_36_50_0.jpg,914,302,17,16,3_13
autosave24_10_2012_11_36_50_1.jpg,960,280,24,21,3_13
autosave24_10_2012_11_36_50_2.jpg,1000,255,33,28,3_13
autosave24_10_2012_11_36_51_0.jpg,1069,225,43,38,3_13
autosave24_10_2012_11_37_00_2.jpg,956,289,22,22,3_13
autosave24_10_2012_11_37_01_0.jpg,986,280,22,22,3_13
autosave24_10_2012_11_37_01_1.jpg,1063,263,29,28,3_13
autosave24_10_2012_11_37_01_2.jpg,1157,231,40,35,3_13
autosave24_10_2013_11_11_04_1.jpg,614,272,24,24,3_13
autosave24_10_2013_11_11_04_2.jpg,627,240,28,28,3_13
